Clase,Lugar,Cantidad_Viajes
restaurant,Vips,741
restaurant,Los Arcos,678
restaurant,La Casa de Toño,639
restaurant,Casa de Pepe,638
restaurant,Cambalache,632
restaurant,Sanborns,629
restaurant,Gino's Insurgentes,626
restaurant,Munchies,613
restaurant,Chilli's,612
restaurant,Cortes Recreo,571
restaurant,La Deliciosa,566
restaurant,Bisquets Obregón,494
restaurant,El Indio taquero,488
restaurant,Casa de la Tía Yeya,477
restaurant,Sushi Itto,473
restaurant,Wings Army,468
restaurant,Belegui Oaxaca,467
restaurant,La Poblanita,467
restaurant,La Casa de Las Enchiladas (Lago Alberto),465
restaurant,Jimmy Boy,465
restaurant,Olivo,465
restaurant,Pescadito,463
restaurant,Las Alitas,463
restaurant,Mariscos Los Paisas,410
restaurant,Toks,351
restaurant,Pizza Hut,174
restaurant,Sushi Roll,167
restaurant,Luna de Plata,163
restaurant,El Porton,162
restaurant,Chili's,129
restaurant,Cafebrería El Péndulo,111
restaurant,San José,99
restaurant,Hooters,98
restaurant,Sushiitto,97
restaurant,Mariscos "Margarito",94
restaurant,Fralugio distribuidor electrónica,93
restaurant,Cocina económica "El zarape",92
restaurant,Taquería "El Sismo",91
hotel,Hotel California,91
restaurant,"Los sabores de México",91
restaurant,Aduana Cucapá,84
restaurant,50 Friends,75
restaurant,La Tregua,74
restaurant,El Campirano,74
restaurant,La Chinampa,68
restaurant,El Charco de las Ranas,64
restaurant,Pane en Vía,63
restaurant,Gelee,62
restaurant,Restaurante La Mansión,62
restaurant,Tlahco,62
restaurant,Crepes & Waffles,61
restaurant,Ojo de Agua,60
restaurant,Taquería El Negro,58
restaurant,Italianni's,58
restaurant,Pizza del Perro Negro,57
restaurant,Moshi Moshi,57
restaurant,El Pescadito,57
restaurant,P.F. Chang's,57
restaurant,Monsieur Croque,57
restaurant,Frankfurt,56
restaurant,Azul Condesa,56
restaurant,El Bajío,55
restaurant,Señor Taco,55
restaurant,Fisher's,55
restaurant,Buffalucas,54
restaurant,Marcelino Pan&Vino,54
restaurant,Muelle 22,54
restaurant,Tizoncito Tacos,54
restaurant,Pizzas Nosferatu,54
restaurant,Restaurante Ki-K,53
restaurant,Sep's,53
restaurant,CarbónVino - Keparrilla,53
restaurant,Xel Ha,53
restaurant,La Morena,52
restaurant,El Merito de Mar,52
restaurant,Quebracho,52
restaurant,La Buena Tierra,51
restaurant,Shalalá,51
restaurant,La Capital,51
restaurant,Lampuga,51
restaurant,Bonito,51
restaurant,La Barra,51
restaurant,Kabuki,51
hotel,FlowSuites Condesa,51
restaurant,Wichitos,51
restaurant,Garufa,51
restaurant,El Japonez,51
hotel,Hotel Parque México Suites,50
restaurant,Karma Bagels,50
restaurant,Pablo el Erizo,50
restaurant,Taqueria El Greco,50
restaurant,Bonito (Barragán design),50
restaurant,Restaurante Bar Nuevo León,49
restaurant,Falafelito,47
restaurant,Sonora Grill,47
restaurant,El Fogoncito,46
restaurant,Olive Garden,45
restaurant,Pizza Amore,44
restaurant,Chilakiller's,40
restaurant,Konditori,40
restaurant,Doble Malta,40
restaurant,Vancouver Wings,39
restaurant,Gino's,36
restaurant,Bokenka,36
restaurant,Los tacos,36
restaurant,Ostionería La Playa,35
restaurant,La esquina argentina,35
restaurant,Ramen, Noddles and More,35
restaurant,La Mansion,33
restaurant,Izakaya Sushi,33
restaurant,Sushitto,32
restaurant,La Isla del Dragón,32
restaurant,La puerca pecadora,32
restaurant,El Farolito,32
restaurant,Sanborns Café,30
restaurant,Los Güeros del Ajusco,30
restaurant,EL CALIFA,30
restaurant,Gorditas Mixcoac,29
restaurant,Saudade Brazil,29
restaurant,Centro macrobiotico,29
restaurant,A Pico y Espolon,29
restaurant,El Tizoncito,29
restaurant,Degú,29
restaurant,Central 10 Steak House,29
restaurant,Pinolo,29
restaurant,Taquería Hermanos Luna,29
restaurant,Menta 65,28
restaurant,La Pescadería,28
restaurant,La Vineria,27
restaurant,Primer Cuadro,27
hotel,Hotel Condesa,27
restaurant,El Cardenal,27
restaurant,Barracuda Diner,27
restaurant,La Lavanderia,27
restaurant,Texas Ribs,27
restaurant,Mariscos Don Panchito,27
restaurant,El Portón,27
restaurant,Papa Guapa,27
restaurant,Izakaya KURA,26
restaurant,Los Hornitos,26
restaurant,antojitos,26
restaurant,Central 11 23,26
restaurant,Chito's,26
restaurant,Dr Pizza,26
hotel,Fiesta Inn Insurgentes Sur,26
restaurant,California Pizza Kitchen,26
restaurant,La vie en Rose,25
restaurant,India Town,25
hotel,Hampton Inn,25
restaurant,Maison Kayser,25
restaurant,Lucky Sushi,25
restaurant,Fonda Fina,25
restaurant,Juncal Tablao Flamenco,25
restaurant,Shoma Hand Roll,25
restaurant,El Gallito,24
restaurant,Vapiano,24
restaurant,RamenYa,24
restaurant,G&G comida urbana,24
restaurant,Marisqueria Del Valle,24
restaurant,El Rey del Pavo,24
restaurant,La Biela,24
restaurant,Wings,23
restaurant,La Tizona (mariscos de carreta),23
hotel,Best Western Hotel Majestic,23
restaurant,El Mexicanito,22
restaurant,V Ramen,22
restaurant,Taquería La Negra,22
restaurant,Vegan ramen,22
restaurant,Daikoku,22
hotel,Marriott,22
hotel,Casa Pepe,22
restaurant,El Sazón,22
hotel,Condesa DF,22
restaurant,Taquería,22
restaurant,Pofferia,22
restaurant,Elkar Pollo,21
restaurant,Taqueria Regina,21
restaurant,Super tacos de guisado,21
restaurant,La Casa de la Yeya,21
restaurant,Pollos,21
restaurant,AMOS,21
restaurant,Elkar,21
restaurant,Trok's torta,21
restaurant,Azul Histórico,21
restaurant,Tacos El Guero,21
restaurant,Taquería y Pozolería,21
restaurant,Popeye Famous Louisiana Chicken,20
restaurant,Argentalia,20
restaurant,Baby Bon,20
restaurant,Tortas Tavo,20
restaurant,Mandragora vegan,20
restaurant,tacos el güero,20
restaurant,La Parrilla Suiza,20
restaurant,HM Hamburguesas,20
restaurant,Patagonia Parrilla de Campo,20
restaurant,Yuban (bar/restaurant),20
restaurant,La Casa de los abuelos,20
restaurant,Partners and Brothers,20
restaurant,Huset,19
restaurant,Ruben's Hamburgers Insurgentes,19
hotel,Zócalo Central,19
restaurant,La Torta Brava,19
restaurant,La Rural,19
restaurant,Cancino,19
restaurant,Taco Naco,19
hotel,Hotel NH,19
restaurant,Orinoco,19
restaurant,Ikaya Sushi,19
restaurant,Contramar,19
restaurant,Veganion Antojería,19
restaurant,La Guapachosa,19
hotel,Road Scholar Hotel,19
restaurant,Prime & Wine,19
restaurant,La P,19
restaurant,Taquearte,19
restaurant,Restaurante El Reloj,19
restaurant,Teikit,19
restaurant,Fonda Argentina,18
restaurant,Ramen -ya,18
restaurant,Frëims,18
restaurant,El Pastecito,18
hotel,Roble,18
restaurant,Shake shack burgers,18
restaurant,La Corte,18
hotel,Hotel Roble,18
restaurant,Fonda Godínez,18
restaurant,Revolución 67,18
restaurant,Los Vegetarianos,18
restaurant,Miralto,18
restaurant,Taco Game,18
restaurant,Pujol,18
hotel,Zocalo Rooms,18
restaurant,Rebel Wings,18
hotel,Balcón del Zócalo,18
restaurant,Beer Factory,18
restaurant,Comida china,18
restaurant,Doña Blanca,18
restaurant,Los Bisquets de Obregon Lindavista,18
restaurant,Young Bin Kwan,18
restaurant,Frutos Prohibidos,18
restaurant,Pizzeria Malasaña,17
restaurant,Salón Corona,17
restaurant,Potzolcalli,17
restaurant,Terraza Don Batiz,17
restaurant,El Ave Fénix,17
restaurant,La Sirenita Mariscos,17
hotel,Hotel Hot,17
restaurant,Tlaquepaque Taquería,17
restaurant,Il Ristrovo,17
restaurant,Kaminari ramen,17
restaurant,Pinche Gringo,17
restaurant,Fogoncito,17
restaurant,Centro Castellano,17
restaurant,Japanese,17
restaurant,Restaurante Vegetariano Terra Nostre,16
restaurant,Nikola,16
restaurant,Fonda Santa Rita,16
restaurant,Salon Corona,16
restaurant,El Rincón Gourmet,16
restaurant,Gffjv,16
restaurant,Pho King,16
restaurant,Lupita,16
restaurant,La Petite Crêpe,16
restaurant,Suntory del Valle,16
restaurant,Nuvo sushi,16
restaurant,100 Montaditos,16
restaurant,Bodega de Los Malazzo,16
restaurant,Arandas Taquería,16
restaurant,Fonda mi lupita,16
restaurant,El Bajio,16
restaurant,Sabor de Hogar,16
restaurant,La Casa del Pavo,16
restaurant,Lonchería La Rambla,16
restaurant,Milo's,15
restaurant,Los Chilangos,15
restaurant,Restaurant Sazon Oaxaqueño,15
restaurant,Pacífica,15
restaurant,Un Rincon de Chile,15
restaurant,Tortas La Reforma,15
hotel,Hotel Fleming,15
restaurant,Catamundi,15
hotel,Hotel Ritz,15
restaurant,Café La Blanca,15
restaurant,Botanero del Valle,15
restaurant,La Casa de Las Enchiladas (Bajío),15
restaurant,Taquería tlaquepaque,15
restaurant,La Bodeguita del Medio,15
restaurant,Nagaoka,15
restaurant,Caifán,15
restaurant,Buffete Chino Hui,15
restaurant,Danubio,15
restaurant,El Cuatro20,15
restaurant,Legión Americana,15
hotel,Juarez,15
restaurant,Los Arcos De Regina,15
restaurant,La Capilla,15
restaurant,La Posta,15
restaurant,Baguettery,15
restaurant,El 9 de Isabel,15
restaurant,Tommy Pizzas,15
restaurant,La casa de todos,15
restaurant,Cardamomo,15
restaurant,La Muralla China,15
restaurant,Taquería Pocho,15
restaurant,Cordon Bleu,15
restaurant,Cocina India Bukhara,15
restaurant,Del Mar,15
restaurant,Comida La Abuela,15
restaurant,Take a Wok,15
restaurant,Canela y Oro,15
hotel,Hotel El Salvador,15
restaurant,Casa Rosalía,15
restaurant,Cuatro20,15
restaurant,Pasagüero,15
restaurant,La Encomienda,15
restaurant,Cantina Buenos Aires,15
restaurant,Flor de Viento Health Food,14
restaurant,Confetti,14
restaurant,brassi,14
restaurant,Atípico,14
restaurant,Comedor Jacinta,14
restaurant,Delirio,14
restaurant,La Cebolla Morada,14
restaurant,Desayunos Hollywood,14
restaurant,Tortas El Estudiante,14
restaurant,Bar Cantina La Reforma,14
restaurant,Cocina "de Mamá",14
restaurant,Comida económica "Rossy",14
restaurant,Buffet Chino $50,14
restaurant,Rico Sazón,14
restaurant,Rouge Bohème Bistro,14
restaurant,Mi Jacalito,14
restaurant,Guisando Ando,14
restaurant,El Popular,14
restaurant,Kerouac,14
restaurant,Bellopuerto,14
restaurant,Artisans et Boulangers,14
restaurant,Deigo Ramen,14
restaurant,Taquería Los Cocuyos,14
restaurant,La embajda Jarocha,14
restaurant,Vasconia tacos tortas etc,14
hotel,Hotel Principal,14
restaurant,Casa 19,14
hotel,Villa Condesa,14
restaurant,Cafetería Sanborns,14
restaurant,Day Light Salads,14
restaurant,broka,14
restaurant,Taquería Tlacoteotl,14
restaurant,El Auténtico Pato Manila,14
restaurant,Tienda De Pollos,14
restaurant,La Pagoda,14
restaurant,Desayunos,14
restaurant,Restaurante 5M,14
restaurant,The Capital Grille,14
restaurant,Mercado IsabeLa,14
restaurant,Wing Station,14
restaurant,El Jardín Interior,14
restaurant,La Rua,14
restaurant,Pad Thai,14
hotel,Hotel Montecarlo,14
restaurant,Villa Rica,14
restaurant,Sukiya,13
restaurant,GoTan,13
restaurant,Minichelista,13
hotel,Hotel Escandón,13
restaurant,El Diez,13
hotel,City Express by Marriott Ciudad de México Alameda,13
restaurant,La Montejo,13
restaurant,La Criolla,13
restaurant,Porco Rosso Roma,13
restaurant,Sanborns Loreto,13
restaurant,El Paisa,13
restaurant,Clip Cafetería,13
restaurant,El Jamil,13
restaurant,Les Moustaches,13
restaurant,Papa John's,13
restaurant,Casa Portuguesa,13
restaurant,Balboa pizzería,13
restaurant,Pizza Cielo,13
restaurant,Prosecco,13
hotel,Hotel Isabel,13
restaurant,Carnitas El Azul,13
restaurant,Porter,13
restaurant,El Cardenal Tacuba,13
restaurant,Pepes,13
restaurant,El Polanquito,13
restaurant,Los Callejeros,13
restaurant,Goguinara,13
restaurant,Los Bisquets de Obregón,13
restaurant,Pane en Via,13
restaurant,Benedetti's Pizza,13
restaurant,Testal,13
restaurant,Trattoria Giacovanni,13
restaurant,Mercado Roma,13
restaurant,La Casa Del Pastor,13
restaurant,La Montañesa,13
restaurant,Chetito,13
restaurant,Museo del jamón México,13
restaurant,Buvette,13
restaurant,El Huequito Tacos Gourmet,13
restaurant,Bagatelle Mexico City,13
restaurant,El Califa Taqueria,13
restaurant,Fonda Doña Blanca,13
restaurant,Paradero Conocido,13
restaurant,Nahnu -Tacos Árabes,13
restaurant,Quereres,13
restaurant,Casa Churra,13
restaurant,Capri,13
restaurant,Rodizio Carnes de Brazil,13
restaurant,Nonsolo,13
hotel,City Express Buenavista,13
restaurant,marmota,13
restaurant,Gino’s Ristorante,13
restaurant,Cocina Conchita & Departamento,13
restaurant,Il Intervallo,13
hotel,Hotel Rey,12
restaurant,Cancino Roma,12
restaurant,Herminia,12
restaurant,Panepis,12
restaurant,Supra Roma,12
restaurant,La Fe,12
restaurant,Klein's,12
restaurant,Jugos María Cristina,12
restaurant,UTA Pizzería,12
restaurant,Nobu,12
restaurant,Mexitaco,12
restaurant,Asados Don Abel,12
restaurant,Jaleo - Bar de Tapas,12
restaurant,Comida casera,12
restaurant,Los Girasoles,12
hotel,Segovia Regency,12
restaurant,D Federal Cantina,12
restaurant,La Poblanita de Tacubaya Suc. Patriotismo,12
restaurant,Palomino's,12
restaurant,Mar y Tierra La Única,12
restaurant,Pollo Pancho,12
restaurant,Angelopolitano,12
hotel,Punto MX,12
restaurant,Fonda El Albur,12
restaurant,Asadero,12
restaurant,Lampuga Restaurant &Bar,12
restaurant,L´Entrecote - Le Relais de Venise,12
restaurant,Dulce Patria,12
restaurant,Brescia's,12
hotel,Hotel Reforma,12
restaurant,Marisquería El Sazón del Golfo,12
restaurant,limosneros,12
restaurant,Fonda Mayora,12
restaurant,Vecinos Osteria,12
restaurant,Mi Fonda,12
restaurant,Benedettis Pizza,12
restaurant,Los Loosers,12
restaurant,Bufette Chnggon,12
restaurant,Gloria,12
hotel,Hotel Maria Cristina,12
restaurant,Tacos Victoria,12
restaurant,Rio Sella,12
restaurant,Taco Inn,12
restaurant,La Inmaculada,12
hotel,Hotel Niza,12
restaurant,American Express Centurion Club, Terminal 1,12
restaurant,Tortas al fuego,12
hotel,Las Alcobas,11
hotel,Hotel Metropol,11
hotel,Kali Ciudadela,11
restaurant,La Zaranda,11
restaurant,La Chilanguita,11
restaurant,Atardecer en la Condesa,11
hotel,Hotel Regente,11
restaurant,Daruma,11
hotel,Holiday Inn,11
restaurant,Cipriani,11
restaurant,Cuchillero's,11
restaurant,Hong Kong,11
restaurant,Casa Turrent - Cigar Lounge,11
restaurant,Los Dones,11
restaurant,Kabuki Sushi,11
hotel,Hotel Ermita,11
restaurant,Tong Fong,11
restaurant,Taberna del Leon,11
hotel,Hotel Sevilla,11
restaurant,Italiannis,11
restaurant,Lalo!,11
restaurant,Restaurante Las Mercedes,11
hotel,Hotel & Villas Patriotismo,11
restaurant,La Casa de Toño Insurgentes Sur,11
restaurant,Cantares Desayunos,11
restaurant,Cantina Salon Isabel,11
restaurant,Boludo,11
restaurant,Expendio de Maiz Sin Nombre,11
restaurant,Los Equipales,11
hotel,Hotel Plaza Madrid,11
restaurant,La Pitahaya,11
restaurant,Bufete China King,11
restaurant,Restaurante Escuela Zéfiro,11
restaurant,Máximo Bistrot Local,11
restaurant,Don Capitán Del Valle,11
restaurant,Caldos de gallina José María,11
restaurant,Urban Spices Street Asian Cuisine,11
restaurant,Torteria Los Gueros,11
restaurant,Himawari,11
restaurant,Taqueria EI Progreso,11
restaurant,Meson Taurino,11
restaurant,Magda San Ángel,11
restaurant,LA OVEJA NEGRA,11
restaurant,Marcello,11
restaurant,Antolina,11
restaurant,La Cerveceria de Barrio,11
restaurant,taqueria,11
restaurant,Wingstop,11
restaurant,Fonda 99.99,11
restaurant,Nudo Negro,11
restaurant,Koku,11
restaurant,Tortas Super Astro,11
restaurant,Carnitas Rincón Tarasco,11
hotel,Hotel Centra2,11
restaurant,Restaurante Bar Chung King,11
restaurant,Spuntino,11
restaurant,Peltre,11
restaurant,Perros y Burros,11
restaurant,Yemanya,11
restaurant,Macelleria,10
restaurant,Caldos de Callina,10
hotel,Hotel Patria,10
restaurant,Sumo,10
restaurant,Orino,10
restaurant,Lo Spagatto,10
restaurant,Matsu,10
restaurant,Veguísimi Vegan Restaurant,10
restaurant,Kuh - comida suiza,10
restaurant,Coox Hanal,10
restaurant,Taquería El Caifán,10
restaurant,Molina El Pujol,10
restaurant,Chirindonguería,10
restaurant,Yeccan Restaurante / Cervecería,10
restaurant,Taller Gastronómico Nativo,10
restaurant,Burrito Express,10
restaurant,La Herradura,10
restaurant,Restaurant Las Américas,10
restaurant,Montmartre,10
restaurant,La Casa de los Trompos,10
restaurant,IHOP,10
restaurant,Restaurante Bar 4 Mares,10
restaurant,Frenchie,10
hotel,Fiesta Americana,10
restaurant,Chopo's,10
restaurant,Pan y Pasta,10
restaurant,La yeya,10
restaurant,Tortas Robles,10
restaurant,Bom Burger Bistro,10
restaurant,casa de las sirenas,10
restaurant,La Misma Vaca,10
restaurant,Las Delicias,10
restaurant,La Tres 40,10
restaurant,Tres Galeones,10
restaurant,Mercado Independencia,10
restaurant,Taquería La Lupita Ayuuk,10
restaurant,Biwon,10
restaurant,Sabor do Brasil,10
restaurant,Happy Wings,10
restaurant,El sazón de toño,10
restaurant,Fork of BBQ,10
restaurant,Huan Chon,10
restaurant,Humbertos,10
restaurant,Chilakilazos,10
restaurant,Plácido,10
restaurant,Potzollcalli,10
restaurant,Los Gueros de Boturini,10
restaurant,Antojitos El Pelón,10
hotel,Eurostars Hotel,10
restaurant,Toks Villa Latina,10
hotel,Hotel Escala,10
restaurant,Red Lobster,10
restaurant,Taquería Orinoco,10
restaurant,Potzollcalli Picacho,10
hotel,Hotel María Rico,10
restaurant,Asgaya,10
restaurant,Fonda Santa Margarita,10
restaurant,Di-Alex Pastes,10
restaurant,Taqueria Gabriel,10
restaurant,Brindisi,10
restaurant,Cabrera 7,10
restaurant,La Vitrina,10
restaurant,Don Guero,10
restaurant,Taqueria el Jarocho,10
restaurant,El Parnita,10
restaurant,Resturante Vegetariano,10
restaurant,La Casa Rosa,10
restaurant,Fonda Los Cazuelasos de Santiago,10
restaurant,La Cervecería de Barrio,10
restaurant,Antojería,10
restaurant,Chiruedongaria,10
restaurant,El Ocho,10
hotel,One Ciudad de México Alameda,10
restaurant,Don Asado,10
restaurant,El 123,10
restaurant,El Fogon De Los Chintololos,10
restaurant,Curchis Chicken,10
hotel,Casa Blanca,10
hotel,Hotel Beverly,10
restaurant,Frieda Luna,10
hotel,Fiesta Inn Centro Histórico,10
restaurant,Mixli,9
restaurant,Govinda Ram Restaurante Vegetariano,9
restaurant,Los Revolucionarios,9
restaurant,El Mero de la Roma,9
restaurant,Heladería,9
restaurant,Yellow Monkey,9
restaurant,Odün,9
hotel,Hotel Suites Amberes,9
restaurant,Creperie de la Paix,9
restaurant,Maximo,9
restaurant,Los Cerezos,9
restaurant,Costello Chef,9
hotel,Hotel Brasillia,9
hotel,Hotel San Francisco,9
restaurant,YI PIN JU,9
restaurant,Mikasa Ramen,9
restaurant,Non Solo,9
restaurant,Behr Taller de Waffles,9
restaurant,La Parrillita,9
restaurant,Bigos Tacos,9
hotel,Casa Condesa,9
restaurant,Meson Puerto Chico,9
restaurant,Los Tres Cochinitos,9
hotel,Hotel Hipodromo,9
restaurant,Tres,9
restaurant,Pizza Copilco,9
restaurant,Diego Ramen,9
restaurant,Carnitas Parque Luna,9
restaurant,Rancho Tollocan,9
restaurant,Restaurante Shoya,9
restaurant,La RE Pizza,9
restaurant,Pamillada Uruguaya Don Asado,9
restaurant,Centrina,9
restaurant,Harumi Valle,9
restaurant,Ramen Goku,9
restaurant,Bar 18,9
restaurant,El Cuadrilátero,9
restaurant,Italianis,9
restaurant,Rosticería la Fogata,9
restaurant,Burger Bar Joint,9
restaurant,Restaurant Tokio comida japonesa,9
restaurant,La madrina,9
restaurant,Fukusuke Udon,9
restaurant,Yo Taquero,9
restaurant,Kaye,9
restaurant,Musume,9
restaurant,El Kioskito,9
restaurant,Vills Papas,9
restaurant,O'Xacobeo,9
restaurant,Fonda 115,9
restaurant,Jamón J. Jamón,9
restaurant,Vecchio Forno,9
hotel,Hotel Novit,9
restaurant,Chico Julio,9
restaurant,Eno - Roma,9
restaurant,Jardin Chapultepec,9
restaurant,arirang,9
hotel,Hotel,9
restaurant,El Diez Parrilla Argentina,9
restaurant,Lucky Paul's,9
restaurant,La Nonna Fina,9
restaurant,El Kaliche,9
restaurant,Streetfood stall,9
restaurant,Grapelli,9
restaurant,Rioja,9
restaurant,C.O.M.E,9
restaurant,Jamón Jamón,9
restaurant,Pork & Buns,9
hotel,Hotel Milán,9
restaurant,Café la Gloria,9
restaurant,Cluny,9
restaurant,Tacos fonda argentina,9
restaurant,Tacos de Armando,9
restaurant,La Tavola,9
hotel,Hotel Catedral,9
restaurant,Pradera - Ahumador Campestre,9
restaurant,Cantina Salón Rios,9
restaurant,Restaurante « El Tule »,9
restaurant,Kiin Thai-Viet Eatery,8
restaurant,Taisan Restaurant,8
restaurant,Los Tlacoyos desde 1963,8
restaurant,Beer Stop,8
restaurant,O'mandu,8
restaurant,Bahia de Vigo,8
restaurant,El Corral del Chivo,8
restaurant,La Carveceria De Barro,8
restaurant,Mi Cantina,8
restaurant,Julius Pizza,8
restaurant,Un Am Jung,8
restaurant,COBÁ FONDA YUCATECA,8
restaurant,Giancarlo's,8
restaurant,Vecchio Fascino,8
restaurant,Tizne Tacomotora (Roma),8
restaurant,Valencia Express,8
restaurant,Carajillo,8
restaurant,El Tizoncito Tamaulipas,8
restaurant,Pambazo Loco,8
restaurant,Kitchen 6 Gastropub,8
hotel,Emporio Reforma,8
restaurant,u.to.pia,8
restaurant,Puerto Madero Polanco,8
restaurant,Las Horchatas,8
restaurant,El Parián,8
restaurant,Deigo,8
restaurant,La Frágula,8
restaurant,Yakumanka,8
restaurant,Trattoria La Tanna,8
restaurant,Las Polas,8
restaurant,Galia Gourmet,8
restaurant,Taquería Selene,8
restaurant,El Quijote del Valle,8
restaurant,Mikado,8
restaurant,NA DE FO,8
restaurant,La Piedra Cantina Artesanal,8
restaurant,Tencüi,8
restaurant,Harimandar,8
restaurant,El Rincon Argentino,8
restaurant,Bahía Capital,8
restaurant,Ryoshi,8
restaurant,Casa González Exquisita Pancita,8
restaurant,Nul Bom,8
hotel,Hotel Plaza Delta,8
restaurant,Taller Xilotl,8
hotel,La Mansion,8
restaurant,Todo Empanadas,8
hotel,Hotel Astor,8
restaurant,Tony Roma's,8
restaurant,Lucille,8
restaurant,Madonna's Pizza,8
restaurant,Fonda,8
restaurant,El comal de mis amores,8
restaurant,1944,8
restaurant,Pane En Vía Centro,8
restaurant,Montejo Sureste,8
restaurant,Río Deva,8
hotel,Hotel Econo Express,8
restaurant,Lardo,8
restaurant,Cervecería Polanquito,8
hotel,Hotel Tlalpan,8
restaurant,Mariana Bonita,8
restaurant,Bocadillos Royalty,8
hotel,Hotel Polo,8
restaurant,Sonora Grill - Félix Cuevas,8
restaurant,Sabores y Tradiciones de la Abuela,8
restaurant,Harimgak,8
restaurant,La Verita,8
restaurant,Tacos Alvaro Obregon,8
restaurant,Sushi ito,8
restaurant,Chicama,8
restaurant,Taquitos Frontera,8
restaurant,Los Chamorros de Tlacoquemecatl,8
restaurant,Playa Sabino,8
restaurant,La Azotea,8
restaurant,Tortas,8
hotel,Hotel Palace,8
restaurant,Terré,8
restaurant,Tripolandia,8
restaurant,Sanborn's,8
restaurant,Gong Cha,8
hotel,Hotel Mexicali,8
restaurant,La Vid Argentina,8
restaurant,Boston's Grill,8
restaurant,La Buena Barra,8
restaurant,El Hostal de los Quesos,8
restaurant,El Morral,8
restaurant,Galanga Thai House,8
restaurant,Baja,8
restaurant,fonda la terraza "rive",8
restaurant,Taqueria Punto y Coma,8
restaurant,Rosanegra Latin American Cuisine,8
restaurant,Las Yayas,8
restaurant,Tacos Árabes "La Periquita",8
hotel,Hotel Azores,8
restaurant,Husman Bistro,8
hotel,Hotel Ambos Mundo,8
hotel,Hotel María Condesa,8
hotel,Hotel Rosinante,8
restaurant,Satoshi Sushi Bar,8
restaurant,Fishers,8
restaurant,Pizzería Balboa,8
restaurant,Pizza Company,7
hotel,F Hotel,7
restaurant,Jin San Shabu Shabu,7
restaurant,Mesón Pineda,7
restaurant,La Catrina,7
restaurant,Los Jochos Wine&Burger,7
restaurant,Garabatos Insurgentes,7
restaurant,Taquelia,7
restaurant,Pollo Feliz,7
restaurant,Maison de Famille,7
restaurant,Butcher and Sons,7
restaurant,V Zona Rosa,7
restaurant,El Mexicano,7
restaurant,Perros & Burros,7
restaurant,La Terazza,7
restaurant,Aura- Comida Vegana,7
restaurant,Las Sanadoras calderia,7
restaurant,Yug Vegetariano,7
restaurant,Fonda Semilla de Mostaza,7
restaurant,La Tapatia,7
restaurant,Paris 16 Bistró,7
restaurant,Buffalo Wild Wings,7
restaurant,Restaurante Franter,7
restaurant,Órale Arepa,7
restaurant,La Sazón de Tlalpan,7
restaurant,El Rey De Los Mariscos,7
restaurant,Tiró,7
restaurant,Forever Vegano,7
restaurant,Anónimo Restaurante,7
restaurant,Maíz de Cacao,7
restaurant,Bianco Colima,7
hotel,Sheraton María Isabel,7
restaurant,El Tigre Silencioso,7
restaurant,Texas de Brasil,7
restaurant,Raiz,7
restaurant,Italian Taco,7
restaurant,El Chivito de San Cosme,7
restaurant,Taco fish,7
restaurant,El Zorzal,7
restaurant,Rosetta,7
restaurant,Meroma,7
restaurant,Tlacoyos Milenarios,7
restaurant,El Mayor,7
restaurant,Italinnis Universidad,7
restaurant,Mariscos Juan,7
restaurant,The Cheesecake Factory,7
restaurant,Sonora Taco Steak,7
restaurant,China Inn,7
restaurant,La Pinguina Mariscos,7
restaurant,Gastronómica Restimex,7
restaurant,La Strega,7
hotel,Mansión Havre,7
restaurant,1900,7
restaurant,Soul Condesa,7
restaurant,Bros,7
restaurant,Villa Coral,7
restaurant,Gin Gin,7
restaurant,Bistrot Mosacio,7
restaurant,Fonda San Angel,7
restaurant,La Milanezzeria,7
restaurant,El Ferry Loco,7
restaurant,Maria La Pescadora,7
restaurant,Catorze,7
restaurant,La Corriente,7
restaurant,Páprika,7
hotel,Hotel del Ángel,7
restaurant,Loncheria Lupita,7
restaurant,El Hidalguense,7
restaurant,Parrilla Danesa Grill & Bar,7
restaurant,Pizza Futura,7
restaurant,Umai,7
restaurant,Casa de mi Tita,7
restaurant,Tacos La Aguilita,7
restaurant,Que sería de mí,7
restaurant,La Terminal,7
restaurant,La Esquina de Abolengo,7
restaurant,Mariscos La Puri,7
restaurant,El Breve Espacio,7
restaurant,Tu Ceviche,7
restaurant,Benedetis Pizza,7
hotel,Hotel San Diego,7
restaurant,El Taquito Carrillo,7
restaurant,Burrito Loco,7
restaurant,Antojitos Yucatecos Los Arcos,7
restaurant,Chilpa,7
restaurant,Nanaya,7
restaurant,Lyris,7
restaurant,Birria El Güero,7
restaurant,La Cocina de San Juan,7
restaurant,Sesame,7
restaurant,Tacos El Caminero,7
restaurant,Toks Zentralia Churubusco,6
restaurant,D' Tin Marin,6
restaurant,da Fonda,6
restaurant,Al Diwan,6
restaurant,Restaurante Nonna,6
restaurant,Carmelo,6
restaurant,MOG,6
restaurant,Salón Covadonga,6
restaurant,Helena,6
hotel,Hotel Vermont,6
restaurant,Chili´s,6
restaurant,Incantatum,6
restaurant,Taquería Frank's,6
restaurant,TierrAdentro,6
restaurant,Prego,6
restaurant,Las Tinajas,6
restaurant,Munch,6
restaurant,Pubbelly,6
restaurant,Dr. Pizza,6
restaurant,Buenas Migas,6
restaurant,Esperanza,6
hotel,Hotel Único SA de CV,6
hotel,Suites Capri Reforma 410,6
restaurant,Las Tortugss,6
restaurant,La Cadencia Lonchería,6
restaurant,La Pascadería Fish Restaurant,6
restaurant,Gardela,6
restaurant,La No. 20 Polanco,6
restaurant,El Refugio del Inca,6
restaurant,La Rancherita,6
restaurant,El Barullo,6
restaurant,El Quebracho,6
restaurant,Los Arbolitos de Cajeme,6
restaurant,La Taberna de Miguel,6
restaurant,Mauro,6
restaurant,Taquería La Nación,6
restaurant,El Rincón del Parque,6
restaurant,Monte Kailas,6
restaurant,Kam Ling,6
restaurant,BARBACOA DON JOSÉ,6
restaurant,a,6
restaurant,Taqueria los Pericos,6
restaurant,La casa del pan,6
restaurant,Green Me Reforma,6
restaurant,Au Pied de Cochon,6
restaurant,Sankalpa,6
restaurant,Sant Yago,6
restaurant,Campobaja,6
restaurant,Taquitos Frontera Grill,6
restaurant,Texas de Brasil Kids Club,6
restaurant,Casa Bell,6
restaurant,Rocky's,6
restaurant,El Negrito,6
restaurant,Los Manantiales,6
restaurant,Belmondo,6
restaurant,Pizzería Copilco,6
restaurant,Fontina Trattoria,6
restaurant,La Hostería de Santo Domingo,6
restaurant,Dante Brasa y Fuego,6
hotel,Hotel Premier,6
restaurant,Wabi Sushi,6
restaurant,Sushi Nomi,6
hotel,Hotel Suites Mi Casa,6
restaurant,La Casa de Las Enchiladas (Tokio),6
restaurant,Sartenazo,6
restaurant,La Nueva Sevillana,6
restaurant,Pizza Pazza,6
restaurant,Mammut Pizza,6
restaurant,lo de Julio,6
restaurant,Ramen-ya Rokai,6
restaurant,Carnes Asadas Santa Maria Parrilla del Barrio,6
restaurant,La Gloriosa,6
restaurant,Zanaya,6
restaurant,Tacorama Campestre,6
restaurant,Edo-Ya,6
restaurant,El Rincón Veracruzano,6
restaurant,Ahumados Pelicano,6
restaurant,La Voragine,6
restaurant,Los Bisquets Obregón,6
restaurant,Serenna,6
hotel,St. Regis,6
restaurant,Casa Hevia - Correo Español,6
restaurant,Rokai,6
restaurant,Taqueri El Califa del León,6
restaurant,Sanborns Café Parque Vía,6
restaurant,Quintonil,6
restaurant,Kaminari Tonkotsu Ramen,6
restaurant,Mr. Sushi Coyoacán,6
restaurant,Los guisados de Copilco,6
restaurant,La Divina Comida,6
restaurant,La Pequeña Fuente,6
restaurant,Porchetta,6
restaurant,Casa Licha,6
restaurant,La Federal,6
restaurant,Pizzica micro-pizzería,6
restaurant,niddo dresde,6
hotel,Casa Padres Margarita,6
restaurant,El Fogonazo,6
restaurant,Wing´s army,6
restaurant,Porco Rosso,6
restaurant,niddo oxford,6
restaurant,Río 10,6
restaurant,La Madrileña,6
restaurant,Vege Taco,6
restaurant,Tartare,6
hotel,Inn Sur,6
restaurant,Doña Leo,6
hotel,Hotel San Alfonso,6
restaurant,Ahumadas Grill & BBQ,6
restaurant,Bartolomé,6
restaurant,Real del Barrio,6
restaurant,Surasang,6
restaurant,Maverick,6
restaurant,Tortas Nebraska,6
hotel,Holiday Inn Buenavista,6
hotel,Liebe Hotel & Villas,6
restaurant,Taquería Los Parados,6
restaurant,Burritos México,6
restaurant,Sonia,6
restaurant,Copacabanito,6
restaurant,La Casa de Las Enchiladas (Lerma),6
restaurant,Blanco Castelar,6
restaurant,Cocina yucateca,6
hotel,Paraíso,6
restaurant,Billar,6
restaurant,Merendero,6
restaurant,Puesto de birria,6
restaurant,Tamayo,6
restaurant,Piloncillo y Cascabel,6
restaurant,Taquería El Turix,5
restaurant,Burger Bar Joint Forum Buenavista,5
restaurant,El Camarón Panzón,5
restaurant,Los Aluxes,5
restaurant,El Mercado Amazónico,5
restaurant,Gogó y Lolá Bistro,5
restaurant,Obelisco,5
restaurant,Hamburbifería,5
restaurant,Trattoria Urbana,5
restaurant,Fat Boy Moves,5
restaurant,Bellini,5
restaurant,Tacos Don Manolito,5
restaurant,Almara,5
restaurant,Gaudí,5
restaurant,los Fifis Taquerias,5
restaurant,Restaurante Bar la Escena,5
restaurant,Tacos Copacabana,5
restaurant,Wok´ando,5
hotel,FlowSuites WTC,5
restaurant,El Sencillito,5
restaurant,Wan Wan Sakaba,5
restaurant,Los 3 poblanos,5
hotel,Hotel Moneda,5
restaurant,Tlaco,5
hotel,Izzzleep Hotel,5
restaurant,Sushi MX,5
restaurant,El Tulipán,5
restaurant,elhuequito,5
restaurant,Mariscos Gourmet,5
hotel,Hotel Estadio,5
restaurant,Fonda El Mexicano,5
restaurant,Vegamo,5
restaurant,Restaurante Vertiz,5
restaurant,Safari,5
hotel,Hotel NY. T. Roma Boutique Reforma,5
restaurant,Wooyeon,5
restaurant,Merendero Biarritz,5
restaurant,tuux kabin ejercito,5
hotel,Hotel Benidorm,5
restaurant,Tinto Café,5
hotel,Hotel Plaza Belices,5
restaurant,Corazón de Maguey,5
restaurant,Sushi Kona,5
restaurant,Comida callejera mexicana,5
restaurant,Erawan,5
restaurant,La Gloria,5
restaurant,Al Sabor de Liz,5
restaurant,Pata Negra,5
restaurant,Alitas vs. Burritos,5
restaurant,La Casita,5
restaurant,La Huma,5
restaurant,Tamalería Nativitas,5
restaurant,El Lugarcito,5
restaurant,Makato,5
restaurant,Barbacoa de Santiago,5
hotel,Hotel Villas Coloniales,5
restaurant,Restaurante Lisboa,5
restaurant,Toks Miramontes,5
hotel,Hotel Harare,5
hotel,Hotel Princesa,5
restaurant,La Secina,5
restaurant,La Cocina,5
restaurant,BB KFE,5
restaurant,Comicx,5
restaurant,Yardis,5
restaurant,Pancita Ale,5
restaurant,Proyecto Gourmet,5
hotel,Hotel Naciones,5
restaurant,Susy,5
restaurant,Perfida,5
restaurant,MO + F,5
hotel,Hotel del Prado,5
restaurant,Lucas Local,5
restaurant,Las Tampiqueñas,5
restaurant,Alibaba,5
restaurant,La Esquina de los Milagros,5
hotel,Hotel Montreal,5
restaurant,La Buena Fé,5
restaurant,Las Cazuelitas del Tepayo,5
restaurant,La Palma,5
restaurant,El Guarache,5
restaurant,Maque,5
restaurant,Restaurante Teoixtla,5
restaurant,3 Sesenta Pizzería de Barrio,5
hotel,Armonik Suites,5
restaurant,La Rosita Michoacana,5
hotel,Dominion Corporate Suites,5
restaurant,Mezcalería Los Amantes,5
restaurant,La Pescaderia,5
restaurant,Lacalaca,5
restaurant,Tu Taco De Cabecera,5
restaurant,Carlotta,5
restaurant,Puerto 44,5
restaurant,Cafetería Moheli,5
restaurant,Vegetariano Lindavista,5
restaurant,Flor de Lis,5
restaurant,Murakami,5
restaurant,Temictli,5
restaurant,Café Salvador,5
hotel,Hotel Goya,5
restaurant,Los Danzantes,5
restaurant,Specia,5
hotel,Hotel El Greco,5
hotel,Villa Nueva,5
restaurant,La hija Aquella,5
restaurant,Barnabeu Tapas,5
restaurant,El Pialadero de Guadalajara,5
restaurant,Primos,5
restaurant,Giorgio's Pizzas,5
restaurant,Pollos Altavista,5
restaurant,À la bonne franquette,5
hotel,Principado,5
restaurant,Cochinita Pibil El Chel,5
restaurant,Spiritello Trattoria Pizza,5
hotel,FlowSuites Polanco,5
restaurant,Taquería El Huequito,5
restaurant,La Ribera Santa María,5
restaurant,El Portón (Churubusco),5
restaurant,La Hummisiya,5
restaurant,La Paella de Domingo,5
restaurant,Café Palacio,5
hotel,NH Mexico City Airport T2,5
restaurant,Ave María,5
restaurant,Mariscos El Chiringuito del Sombra,5
restaurant,El Guero de la 4,5
hotel,City Express,5
restaurant,Parrilla Gaucha,5
restaurant,Tacochino,5
restaurant,Ramen House,5
restaurant,Fresh House Salads,5
restaurant,Los de Pescado,5
restaurant,Entrevero,5
restaurant,Sala 21,5
restaurant,Chattin,5
restaurant,Dew At,5
restaurant,Indómita, Burger Social Club,5
restaurant,Kyu,5
restaurant,Crepas Marco,5
restaurant,We Love Burgers,5
restaurant,Diablito Blue,5
restaurant,La Fondue,5
restaurant,Maratea Mx,5
restaurant,Rafaelle,5
restaurant,Kofetárica,4
restaurant,Lua Café,4
hotel,The Ritz-Carlton, Mexico City,4
restaurant,Los Luceros,4
hotel,Cfntal Norte,4
restaurant,Ocho 20,4
restaurant,Bonita Casa de Comidas,4
restaurant,Carnitas Campuzano,4
restaurant,Las Margaritas,4
restaurant,Charco de las Ranas,4
restaurant,mi Gusto es,4
restaurant,María Ciento38,4
restaurant,Pizzas Plaza,4
restaurant,Comedor comunitario 269,4
restaurant,Instituto Nacional de la Cochinita,4
restaurant,Taco Game Narvarte,4
restaurant,Helus,4
restaurant,La Casa de los Tacos,4
restaurant,Asador del Gaucho,4
restaurant,Arooga's,4
restaurant,La mansión,4
restaurant,Taqueria Lomax,4
restaurant,Los pumpos,4
hotel,Parador Real,4
restaurant,Taquería Green House San Pedro,4
restaurant,Pollos Rio,4
restaurant,Cúcara Mácara,4
restaurant,Contracorriente,4
restaurant,El Plebe,4
restaurant,Cebichería Agua & Sal,4
restaurant,Il Tomato,4
restaurant,Pizzas Luigi,4
hotel,Hotel Habita,4
restaurant,Las mejores carnitas del rumbo,4
restaurant,Pizza House,4
restaurant,Marina Bistro,4
restaurant,Lo cheri a la Oaxaqueña,4
restaurant,Fonda El Anfritrión,4
restaurant,La Nube,4
restaurant,El Tritón,4
restaurant,Yards,4
restaurant,El Gusto Jarocho,4
restaurant,Cantina Karisma,4
restaurant,Barbacoa,4
restaurant,Taquería El Califa,4
restaurant,Tucán Coyoacán,4
hotel,Hotel MAGA,4
restaurant,Loon Chiy,4
restaurant,Bang Bang Pizzas,4
restaurant,Masala y Maíz,4
restaurant,La Estación,4
restaurant,Havre 77,4
restaurant,Las Cazuelas,4
restaurant,Pizzas Palermo,4
restaurant,Huaraches y Comida Corrida Arellano,4
hotel,Ticoman,4
restaurant,Fiebre de Malta,4
restaurant,Birrieria Y restaurante Doña Carmelita,4
hotel,Hôtel Fabiola,4
restaurant,Las Ranas,4
restaurant,Mis Abuelitas,4
restaurant,Costra,4
hotel,Colimazi,4
restaurant,Daikoku Reforma,4
restaurant,Mangata Moon,4
restaurant,Taquería Los Ovnis,4
restaurant,Quesadillas Tostadas y Mas,4
restaurant,El,4
restaurant,Allende,4
restaurant,Tacos Don Alex,4
hotel,Hotel Lira,4
restaurant,El Tlalpeño,4
restaurant,Pajares,4
restaurant,Hiyoko,4
restaurant,Dos Más y Te Olvido,4
hotel,izZzleep - Hospedaje inteligente - Hotel Aeropuerto Terminal 1,4
restaurant,El Sheik,4
restaurant,Carnitas Light El Paisa,4
hotel,Bristol,4
restaurant,TAQUERIA EL PAISA,4
hotel,Hotel Castillo,4
restaurant,El Grifo,4
restaurant,Salon Premier,4
hotel,Hotel Lona,4
restaurant,Bacon Bar & Tap Room (Roma),4
hotel,Hotel Lasa Garage,4
restaurant,Tacos Manolo,4
restaurant,Wu's,4
hotel,Hostal Cuija Coyoacán,4
restaurant,Taj Mahal,4
restaurant,El Afán,4
hotel,Gilbert,4
restaurant,Tacos "De aqui soy Mexico",4
restaurant,La Sazón del Ruedo,4
hotel,San Fernando,4
hotel,Managua,4
restaurant,ecos del mundo,4
restaurant,Marygold,4
restaurant,HM Homero,4
restaurant,El Rey de Boturini,4
restaurant,Italiann'is,4
hotel,Costa del Sur,4
restaurant,Mariscos "El Pacífico",4
restaurant,La Sirenita,4
restaurant,Magda,4
restaurant,Chelo & Go,4
restaurant,Publico,4
restaurant,Break & Bistro,4
restaurant,Los Ahuehuetes,4
restaurant,El Siciliano,4
restaurant,Bistrot M,4
restaurant,Taquería "La Chinampa",4
restaurant,La Oaxaqueña,4
restaurant,El Mesón de Cheny,4
restaurant,Restaurante Gotan,4
restaurant,Trattoria Della Casa Nuova,4
restaurant,La Brasitas de la Guerrero,4
restaurant,Nutrisa,4
restaurant,Mi gusto es Marisquería,4
restaurant,Cantina Casa Balbina,4
restaurant,George,4
restaurant,Malportaco,4
restaurant,Restaurant Uruguayo,4
restaurant,La Aceituna,4
restaurant,Pasteleria El Delicioso,4
restaurant,Texas Burger,4
restaurant,Mank Tea,4
hotel,Hotel Universal,4
restaurant,Pizzas Tomy,4
restaurant,Comedor El Sazón de Mamá,4
hotel,Hotel El Ejecutivo,4
restaurant,Club Naval del Sur,4
restaurant,El Quesadillón Loco,4
restaurant,El Pariente,4
restaurant,Taquería "Los Parados",4
restaurant,Porfirio's,4
restaurant,Nâm,4
restaurant,Fonda Oaxaqueña,4
restaurant,El Rincón de Viveros,4
restaurant,Lord Shots,4
restaurant,Pozolería Jalisco,4
restaurant,Café Papalotl,4
restaurant,El Mesón de Valencia,4
restaurant,Pappa John's,4
restaurant,Luna y Sol,4
restaurant,Madero,4
restaurant,Banderilandia Centro,4
restaurant,Ciudad Smoothie,4
restaurant,El Tepehuani Conquistando,4
restaurant,Cantonese Restaurant,4
restaurant,Flautas México,4
restaurant,Trocitos Mix,4
restaurant,Radice Bistro Gourmet,4
restaurant,El Haurache Veloz,4
hotel,Hotel de Cortés,4
restaurant,Bisquets Obregón La Raza,4
restaurant,Hot Dog Ramírez,4
hotel,Paraíso del Sur,4
restaurant,Porco Rosso BBQ Condesa,4
restaurant,La reina de Montevideo,4
restaurant,Las Redes del Pulpo,4
restaurant,Sushi Kyo,4
restaurant,Rafaello's,4
restaurant,London Inc.,3
hotel,Jardines de Churubusco,3
restaurant,Comida Casera "D'Liz",3
restaurant,Taqueria Los gueros,3
restaurant,Cafe King,3
restaurant,Taquerias Copacabana,3
restaurant,La Soldadera,3
restaurant,Comedor comunitario "Nuestro Pan",3
restaurant,Haru Maki,3
restaurant,La Ronda,3
restaurant,La Parrilla Vikinga,3
restaurant,El Sazón de Elisa,3
restaurant,Flautas Vertiz,3
restaurant,Saint Crepier,3
restaurant,Piel Morena,3
restaurant,Taquería La Michoacana,3
restaurant,Sarumino,3
restaurant,el pollo feliz,3
restaurant,@PapaChecos,3
hotel,Hotel Catalina,3
restaurant,Sushi Hashi,3
restaurant,FIREHOUSE SUBS,3
restaurant,Cocina Alí,3
restaurant,Aponte 82,3
restaurant,Snals Abby,3
hotel,Hidalgo,3
hotel,Hotel Guadalajara,3
restaurant,Los Picositos,3
restaurant,Chelalitas,3
restaurant,La casa de Toño, servicio para llevar,3
restaurant,Fonda el Rincón Oaxaqueño,3
restaurant,Trooper Gourmet,3
restaurant,FONDA "Dorita",3
restaurant,Las Quekas,3
restaurant,Caldos de gallina,3
restaurant,Restaurante Los Almendros,3
restaurant,Restaurante "Ayluardo",3
restaurant,Saks,3
restaurant,Sanborns Peralvillo,3
restaurant,Changos,3
restaurant,Antojeria la Guille II,3
restaurant,La Cervecería de Barrio - Polanco,3
restaurant,Apolo,3
restaurant,Greenway Restaurante,3
restaurant,Loncheria Yoli's,3
restaurant,Tokyo Rose,3
restaurant,El Condimento,3
restaurant,hAMBURGUESAS mATIAS,3
restaurant,El Sazon de Anita,3
restaurant,Pizzería Dalis,3
restaurant,Saturno,3
restaurant,Tortas Jorge,3
restaurant,La Encantada,3
restaurant,La C-Zina,3
restaurant,Toks Aragón,3
restaurant,La Terraza de los Amigos,3
restaurant,Mayer,3
restaurant,Villa María,3
restaurant,Mercado Abelardo Rodriguez,3
restaurant,La Cochera de Paco,3
restaurant,Crunch,3
restaurant,Pizza Jazz,3
restaurant,ostioneria 64,3
restaurant,Los Sifones,3
restaurant,Caldos Arellano,3
restaurant,Happy's Pizza,3
hotel,Las Flores,3
restaurant,Caldos de Pollo,3
restaurant,Marisqueria La Güera,3
restaurant,Kolobok,3
restaurant,Garabatos,3
restaurant,Wings Puerto Aereo,3
hotel,Hotel Templo Mayor,3
restaurant,Porfirio,3
restaurant,Carnicería,3
restaurant,La Salamandra Otra Vez,3
hotel,Hotel Marbella,3
restaurant,La Perdida,3
restaurant,Taqueria Los Cueros,3
restaurant,Don Carbón,3
hotel,Hotel Olympo,3
restaurant,Branca Parrilla,3
restaurant,Taquitos Marte,3
restaurant,Delicias de Líbano,3
restaurant,La Mexicana,3
restaurant,Taquería "Nochebuena",3
restaurant,El tesoro de Sonora,3
restaurant,Pizzas La Postal,3
restaurant,El Viejo Camilo,3
restaurant,El Rincón de la Lechuza,3
restaurant,Tandor De Ali,3
restaurant,Taquerías Brasil Copacabana,3
restaurant,Caldos Animo,3
restaurant,Peace & Love Health Food,3
restaurant,El peladito,3
restaurant,Quekas Factory Narvarte,3
restaurant,Amarcord,3
restaurant,Toks Invierno,3
hotel,Hotel Lepanto,3
restaurant,La Cueva del Amigo,3
restaurant,Toks San Jerónimo,3
restaurant,Mr.Sushi,3
restaurant,Zapata 7,3
restaurant,Simplemente Deli,3
hotel,Hotel Finisterre,3
restaurant,Taquería El Carnal 1,3
restaurant,Fuente de Sodas,3
restaurant,Mog Bistro,3
restaurant,tacos cochinada y porquería,3
restaurant,Ex Convento Cafe,3
restaurant,El Mesón de Belosario 38 Traditional comida Mexicana,3
restaurant,Madereros,3
restaurant,Maria Bonita veganos,3
restaurant,Casa Visconti,3
restaurant,Angus,3
restaurant,Chon,3
restaurant,Banus,3
restaurant,Flautas El Pana,3
restaurant,Pit's,3
restaurant,Te,3
restaurant,La única de Guerrero,3
restaurant,Suntory,3
restaurant,Elefante,3
restaurant,Toks Plaza San Jerónimo,3
restaurant,La Matrak,3
restaurant,Los Hijos de Lupe,3
restaurant,Sabores de México,3
restaurant,Toks Las Águilas,3
restaurant,Las Girafas y la Mula,3
restaurant,Bisquets de Obregón,3
restaurant,El Rincón Zapatista,3
restaurant,El Sazoncito,3
restaurant,VIPS Refineria,3
restaurant,Séptimo,3
restaurant,katsubo,3
restaurant,Fruti Tortas,3
restaurant,Hamburguesas HM (Polanco),3
restaurant,La 360,3
restaurant,Juana Juana,3
restaurant,Julius Pizza / Telcoda NG,3
restaurant,Gold Taco,3
restaurant,La Grand Ocasión,3
hotel,Faro,3
restaurant,Sushi-itto Coyoacán,3
restaurant,Los Huarachines,3
restaurant,El Samurai,3
restaurant,La Castellana,3
restaurant,Salamandra,3
restaurant,El Kafta,3
restaurant,Lonchería Juanita,3
restaurant,Oxford,3
hotel,Holiday Inn Express México Aeropuerto,3
restaurant,Tamales Flor de Lis,3
restaurant,Parrilla Argentina,3
restaurant,Hound Dog,3
restaurant,Sushi Tako,3
restaurant,Drupa Café,3
restaurant,Restaurant Japonés Taro,3
restaurant,Abraxo de Luna,3
restaurant,LunchV comida vegans,3
restaurant,La Pasadita,3
restaurant,Tamales,3
restaurant,Los Jarochos,3
restaurant,Cocina "Abigail",3
restaurant,Cocina Mi Sazon,3
restaurant,Haus,3
restaurant,Nigiri Sushi,3
hotel,Hotel Villas,3
restaurant,Flor de viento,3
restaurant,Quesadillas Berlin,3
restaurant,El Convento,3
hotel,Intercontinental Presidente Chapultepec,3
hotel,Hyatt Regency,3
restaurant,Comida corrida "Socorrito",3
hotel,Camino Real,2
hotel,City Express Plus Periférico Sur Tlalpan,2
restaurant,Toks Valle Dorado,2
hotel,Wyndham Garden,2
hotel,Hotel Argos,2
restaurant,Boon Tamale,2
restaurant,El restaurante palacio,2
restaurant,Edison,2
restaurant,Las Arracheras Beef Master,2
restaurant,Santa Hoja,2
restaurant,Ming Xuan Comida China,2
restaurant,La Chicha,2
restaurant,Sud777,2
hotel,Hotel Jacarandas,2
restaurant,Taquería El Cuñado,2
restaurant,Restaurante Mafalda,2
restaurant,Taquería Mr. Taco I,2
restaurant,La Cabañita,2
restaurant,La mESILLA,2
restaurant,Busquets de Obregón,2
restaurant,Retro Gourmet,2
restaurant,Marisquería La Glorieta,2
hotel,Hotel Los Cedros,2
restaurant,Mariscos La Perla de la Obrera,2
restaurant,El Penacho de Moctezuma,2
restaurant,Los Alquimistas,2
restaurant,Los Queridos,2
restaurant,Casquet,2
restaurant,Los Monumentales,2
restaurant,Taquería El Campeón,2
restaurant,Antojitos mexicanos "La romita",2
restaurant,Tortas El Parque,2
restaurant,El Mesón del Abuelo,2
restaurant,La Fermatta,2
restaurant,Buen Pollo,2
restaurant,Los Bisquets Bisquets Obregón,2
restaurant,El Abanico,2
restaurant,Mariscos El Pollo,2
restaurant,Chula Food,2
hotel,Fiesta Inn Periférico Sur,2
restaurant,Cocina "El Buen Sazón de Chabelita",2
hotel,Hotel Garage Esperanza,2
restaurant,Las Delicias de Zacatlán,2
hotel,Hotel Atlanta,2
restaurant,Giovanni's,2
restaurant,La Santa Maria,2
restaurant,La Esquina del Buen Comer,2
restaurant,La Flor del Son,2
restaurant,Qü-Qoo Kitchen Bar,2
hotel,Antenas,2
restaurant,La Diana Cazadora,2
restaurant,Piccolo Pizzas,2
restaurant,Al Andalus,2
hotel,One,2
restaurant,Mercado Moliere,2
restaurant,Tortas Baldomero,2
hotel,Continental,2
restaurant,El pescadito de Boturini,2
restaurant,Pozolería "Flor de Maíz",2
restaurant,Pinche Gringo BBQ,2
restaurant,Loncheria Isa,2
restaurant,Le Gourmet,2
restaurant,El Naranjito,2
restaurant,Fonda La Villa,2
restaurant,Urban Spices,2
restaurant,Pastes Real de Plateros,2
restaurant,El Solar de Actopan,2
restaurant,Restaurante El Amaranto,2
restaurant,Cocina "Los Cariños",2
restaurant,LAS HIJAS DE LA TOSTADA,2
restaurant,Quesadillas & Sopes,2
restaurant,La Talavera,2
restaurant,Birria El Paisa,2
restaurant,Duke's Burgers & Beer,2
restaurant,Taqueria Narvarte,2
restaurant,El Buen Bife,2
hotel,Hotel Alpes,2
restaurant,Taquería Copacabana,2
restaurant,Toks Coacalco,2
restaurant,La autentica,2
restaurant,Taqueria Santa María,2
restaurant,Los Pibes,2
restaurant,Cocina Economica Michelle,2
restaurant,El charquito mixe,2
restaurant,Antojitos Mexicanos La Yoyis,2
restaurant,El Beneficio de la Duda,2
restaurant,Xilonen,2
hotel,Omega 254,2
hotel,Hotel Cadena,2
restaurant,Mesón Antigua Santa Catarina,2
restaurant,Tamales El Pino,2
hotel,Casa San Ildefonso,2
restaurant,Restaurante de Don Memo,2
restaurant,Cocoliche,2
restaurant,Mis Amores,2
restaurant,El Churro Feliz,2
restaurant,vegannero,2
restaurant,La güerita,2
restaurant,Hacha México Sucursal Coapa,2
restaurant,Ermita 50,2
restaurant,El Gnomo,2
restaurant,La Hallaca,2
restaurant,Otro Lugar de la Mancha,2
restaurant,Huraches la Escondida,2
hotel,Suites del Parque,2
restaurant,Ermitaño,2
restaurant,Los Gauchos,2
restaurant,Sud 777,2
restaurant,Mar Azul,2
restaurant,A Pie de Calle,2
restaurant,La Tola,2
restaurant,El Puerto de Coyoacán,2
hotel,Contempo Suites,2
restaurant,El Tamalito Gourmet,2
restaurant,Daimo SUSHI,2
restaurant,Jumasai Sushi,2
restaurant,Louises Chef,2
restaurant,l'épi de blé,2
restaurant,Munchie,2
restaurant,La Casa de los Bisquets,2
restaurant,Taquería La Onda,2
restaurant,Rosite,2
restaurant,Javier,2
restaurant,¡Conchale Vale!,2
restaurant,Mal de Cruz,2
hotel,La Querencia DF,2
restaurant,La Torre de Castilla,2
restaurant,Mariscos "Ramírez",2
restaurant,El santuario,2
restaurant,Oaxaca Aquí,2
restaurant,Alma de Quetzal,2
restaurant,Benedetti´s Pizza,2
restaurant,Son de Sirloin,2
restaurant,Tacos, gorditas Vane,2
restaurant,Toks El Rosario,2
restaurant,Aquí es oaxaca,2
restaurant,Canto de Sirenas,2
hotel,Hotel Esla,2
restaurant,rosso di sera...,2
restaurant,Tamales Emporio,2
restaurant,Hacienda de Cortés,2
restaurant,Beer Factory Santa Fe,2
restaurant,Alambique Grill,2
restaurant,Fonda Panda,2
restaurant,Los Bisquests Obregon,2
restaurant,De Taquito,2
restaurant,Torteria La Puerta del Sol,2
hotel,Hotel Diligencias,2
restaurant,Encheladas,2
restaurant,La Casa del Abuelo,2
restaurant,Cantina El Sella,2
restaurant,Pollos Estilo Norteño,2
restaurant,Memelas Y Sopes Florida,2
restaurant,Cocina "Valentina",2
restaurant,Guillermina,2
restaurant,El Asado Argentino,2
restaurant,El Periban,2
restaurant,Carnitas Don Rafa,2
restaurant,Restaurante El Paisa Carlos,2
restaurant,Doña Lulá,2
restaurant,Pozolería Blanquita,2
restaurant,Los Primos,2
restaurant,El Gato Rojo,2
restaurant,Mi Matisse,2
restaurant,El Rincón de la 6,2
restaurant,Rojo,2
restaurant,Chops,2
restaurant,Restaurante la Veracruzana,2
restaurant,El Desvan El rey de la botana,2
restaurant,Sakiko Sushi,2
restaurant,Carnitas Jerrys,2
restaurant,El Rincón Gourmet pizza a la leña,2
restaurant,Los Mil Tacos,2
restaurant,Naturalito,2
restaurant,Los Machetes de Amparito,2
restaurant,La Tragua,2
restaurant,Restaurante Hanal K'U,2
restaurant,Quesadillas y Sopes,2
hotel,Hotel Aeropuerto,2
restaurant,La Cocina de Juanita,2
restaurant,Diana's Pizza,2
restaurant,Meson De Los Leones,2
restaurant,Los hornillos,2
restaurant,TAMALES COYOACÁN,2
restaurant,Las Lupitas,2
restaurant,El Quete,2
restaurant,El Sarape,2
restaurant,Posada del Sancho,2
restaurant,Taqueria El Chaparrito,2
restaurant,Comedor Televisa,2
restaurant,Coyota,2
restaurant,Marcopolo,2
restaurant,La Sixtina Cantina Mexicana,2
restaurant,Restaurante Ray,2
restaurant,Taquería Los Originales,2
restaurant,Guaymitas,2
hotel,Courtyard Mexico City Vallejo,2
restaurant,Taqueria El Moreno,2
restaurant,Taquería El Chaparrito,2
restaurant,City Café,2
restaurant,Hua-Yuan,2
restaurant,Tamales "Teresita",2
hotel,Hotel Puebla,2
restaurant,Tacos Los Gueros,2
restaurant,Rey del Taco,2
restaurant,Pastes Kiko's,2
restaurant,Pizzas Plaza Coyoacán,2
restaurant,Veggicano,2
restaurant,Tacos de Carnitas,2
restaurant,Prendes,2
restaurant,Cecile,2
restaurant,El Rinconcito,2
restaurant,Cielito Rojo,2
restaurant,La Polar,2
restaurant,mejores tacos,2
restaurant,K Town,2
restaurant,El lugar del mariachi,2
restaurant,Birria del Pacífico,2
restaurant,Semillero,2
restaurant,Guisados Mexicanos,2
restaurant,San Francisco,2
restaurant,Especias,2
restaurant,Foro Moctezuma,1
restaurant,Restaurante Arroyo,1
restaurant,Casa Sancho,1
restaurant,Fonda Campestre,1
restaurant,mixotes,1
restaurant,Toks Santa Monica,1
restaurant,Los huaraches de Chiconcuac,1
restaurant,Maryscallis Pizza,1
restaurant,La pancita de mundo,1
restaurant,Fisher's House,1
restaurant,Royal India,1
restaurant,La Jarochita,1
restaurant,Tacos Buen Tono,1
restaurant,El Bjio,1
restaurant,Alitas,1
restaurant,Vip's Sor Juana,1
restaurant,Applebee's,1
restaurant,ecosentli,1
restaurant,Oh alá,1
restaurant,El buen Sazón,1
hotel,Hotel Turismo,1
restaurant,Super Flautas y Chelas "La Terraza",1
restaurant,Paletería "La Michoacana",1
restaurant,Medina Soteno, Eleazar Arturo,1
hotel,Hotel Madero,1
hotel,Hotel Eco,1
restaurant,Aquí está Texcoco,1
restaurant,Hunan,1
restaurant,Pozolería y Birriería Arandas,1
restaurant,mangos,1
restaurant,Merendero Chayito,1
restaurant,Pizza Local,1
restaurant,Las Gaoneras,1
restaurant,Casa de Toño,1
restaurant,Café-Restaurante La Celestina,1
restaurant,Pitas Saleh,1
hotel,Hotel Modena,1
hotel,Hotel Emperador,1
restaurant,Tacos el Payo,1
restaurant,Mariscos Chilo"s,1
restaurant,Tacoa el Güero,1
restaurant,El Cangrejo Azul,1
restaurant,Taco House,1
restaurant,480º Pizza Lounge,1
restaurant,Carnitas,1
restaurant,Mariscos Pacífico,1
restaurant,Cocina del Cheff,1
restaurant,El Carnal,1
restaurant,El Birria,1
restaurant,México Mi Amor,1
restaurant,Las Quekas Factory,1
hotel,Camino Real Arboledas,1
hotel,Hotel villaporticos,1
restaurant,Bistro Cheny,1
restaurant,La Espuma,1
restaurant,El Cafesín,1
restaurant,Casa Gula,1
restaurant,Lolo's Pizza,1
restaurant,Beefy's,1
restaurant,Long Du,1
restaurant,Los Tolucos,1
restaurant,Giornale,1
restaurant,El Tajín,1
restaurant,Quesadillón loco,1
restaurant,Rosa Camelia,1
restaurant,La Gran Tenochtitlan,1
restaurant,Pozoleria,1
restaurant,Tetetlán,1
restaurant,Pozolería Flor de Maíz,1
restaurant,Chantico,1
restaurant,Vips Axomiatla,1
restaurant,Roma Mia,1
restaurant,Gino's Guadalupe Inn,1
restaurant,Panetela,1
restaurant,Numu Bistro,1
restaurant,Medio Oriente,1
restaurant,Retro,1
restaurant,Restaurante Unidad de Posgrado,1
restaurant,El Convite,1
restaurant,Su Cocina,1
restaurant,Comixcal,1
restaurant,Tlacoyotitlan,1
restaurant,El Carnal Restaurante,1
hotel,Hotel Bellini,1
restaurant,Tommy's Pizza,1
hotel,Hotel Suido,1
restaurant,Sanborn's Las Águilas,1
restaurant,Restaurante y Antojitos Rosy,1
hotel,Nvo Laredo,1
restaurant,Burritos y Cemitas,1
restaurant,Fritz,1
restaurant,Tacos,1
restaurant,Vicoo's Pizza,1
restaurant,Rincón Maya,1
restaurant,El Rincón Mexica,1
restaurant,El Taco Loco,1
restaurant,Hestia Cafetería Brunch,1
restaurant,Marisquero del mar a su mesa,1
restaurant,Pizzas Condesa,1
restaurant,Sorondo 270 Bistrot,1
restaurant,Asado Campestre Charly,1
restaurant,Amory Sale & Pizza,1
restaurant,Kioskito Bio-Quimica,1
hotel,Hotel Modelo,1
restaurant,Milena Restaurante Café,1
restaurant,El Nopalito,1
restaurant,Carl's junior,1
restaurant,El Maz'antojos,1
restaurant,El Barbiquiú,1
restaurant,Taquería y Parrilla LAREDO,1
restaurant,Piola,1
restaurant,Antojitos Mexicanos Carmelita,1
restaurant,Los huarqches del Chavo,1
restaurant,Tacos La Super,1
restaurant,Azul y Oro,1
restaurant,The Urban Corner,1
restaurant,El rábano de la 9,1
restaurant,Burritos,1
restaurant,El Huasteco,1
restaurant,El Portón Pirules,1
restaurant,Torteria el Rey,1
restaurant,Restaurante Plato Grande,1
restaurant,Rahmania Restaurante,1
restaurant,El Cafecín,1
restaurant,Comida Corrida La Carreta Suiza,1
restaurant,Las Cazuelitas,1
restaurant,Entre fuegos,1
hotel,Hotel Royal Pedregal,1
hotel,Paloma Hotel,1
restaurant,El Guero,1
restaurant,Warner Sushi,1
restaurant,Pollos Elkar,1
restaurant,Taquería "Aldo",1
hotel,Fiesta Americana Satélite,1
restaurant,Fonda El Rancho,1
restaurant,Caldos de Gallina Los N° 1,1
restaurant,La auténtica arrachera del Sifón,1
restaurant,Veganismo Lonchería vegana,1
restaurant,Tacos Gus,1
restaurant,Siglo Viejo,1
restaurant,Universitarios,1
restaurant,Birriería Tijuana,1
restaurant,Maare,1
restaurant,El 520,1
restaurant,Darosa,1
restaurant,Toks Gran sur,1
restaurant,Carapapa,1
restaurant,Guzina Oaxaca,1
restaurant,Taqueria El Gorilon,1
restaurant,La Rodante Pizzería,1
restaurant,Gyros,1
restaurant,Comedor,1
restaurant,Trattoria Enrico's,1
restaurant,Villa Casona,1
hotel,Hotel Villa Amanecer,1
restaurant,Mariscos La Antigua,1
restaurant,CoCina economica Laurita,1
restaurant,Cocina Dos,1
restaurant,Los Coyotes,1
restaurant,Chapala,1
hotel,Hotel Ferry,1
restaurant,JADE,1
restaurant,Los Panchos,1
restaurant,Tacos La Modelo,1
restaurant,Chalupas estilo Chiapas,1
restaurant,Mariscos El Rincón Jarocho,1
restaurant,Beto y Lety,1
hotel,Hotel Real del Sur,1
restaurant,Macarella,1
restaurant,Los gordos,1
restaurant,Antojitos Mexicanos Licha,1
restaurant,El Brunchet,1
restaurant,El Kuinito,1
hotel,Hotel Pensil,1
restaurant,El Asadero Argentino,1
restaurant,Las güeras,1
restaurant,Cocina "El Buen Sazón",1
hotel,Casa Azul,1
restaurant,Allegro,1
restaurant,El aviario,1
restaurant,Paradiso Gourmet,1
restaurant,Mesón del,1
restaurant,Los Asustacos,1
restaurant,Pozoleria Jalisco,1
restaurant,Restaurante Los Girasoles,1
restaurant,Casa de Campeche,1
restaurant,V de Vegano,1
restaurant,Restaurante Erendira,1
restaurant,Flautas MAGOS,1
restaurant,La Guelagetza,1
restaurant,La Antigua,1
restaurant,La parrilla del oso,1
restaurant,Tacos de Rolando,1
restaurant,Wing's Army,1
restaurant,Leo's Pizza,1
restaurant,Tonita,1
hotel,Hotel Trianon,1
restaurant,Comida Corrida "El Antojo",1
restaurant,Burguer Club & Grill,1
restaurant,Tacos de Canasta La bicicleta,1
restaurant,Taqueria Dany,1
restaurant,Cocina Fortuna,1
restaurant,Los sopes,1
restaurant,Buffet Libanés,1
restaurant,La Costilla,1
restaurant,Bottega Culinaria Interlomas,1
restaurant,Sazón de la Abuela,1
restaurant,Prime House,1
hotel,Gemalto Polanco,1
restaurant,Henry Sailor,1
restaurant,Salon Tenampa,1
restaurant,Michiburger,1
hotel,Casa del Estudiante Duranguense,1
restaurant,La Pibil,1
restaurant,Taqueria el Retorno,1
restaurant,Avianca Lounge Club,1
restaurant,Antojitos pepe,1
restaurant,Holland Frites,1
hotel,Hotel Cimsa,1
restaurant,Los Compadres,1
restaurant,Merenderos,1
restaurant,El Mirador,1
restaurant,Empanadas El Capi,1
restaurant,Bici & Grill,1
restaurant,Toks Arboledas,1
restaurant,Sueños del Nahual,1
restaurant,Monkey Papas,1
restaurant,Cocina Económica "El Laurel",1
restaurant,El Portón Azcapotzalco,1
restaurant,Las frases de mamá,1
hotel,Hotel Harabe,1
restaurant,Zezar's Pizza,1
restaurant,La Ario Mansión 2,1
restaurant,Don Pepe,1
restaurant,Las Palmas,1
restaurant,Simon’s Seafood,1
restaurant,La Parrilla de Fer,1
restaurant,Guria,1
